Name,Email,Username,Phone,Age,Address
Jacinthe,Royal39@yahoo.com,Janice_Swaniawski89,1-914-419-6569 x46182,54,United Arab Emirates
Tavares,Zander_Walsh@gmail.com,Merl.Ziemann89,(611) 676-1673 x51282,50,Lao People's Democratic Republic
Allen,Darron_Schinner91@hotmail.com,Hanna62,1-588-444-2091,42,Cameroon
Jarrell,Enoch46@hotmail.com,Veronica.Shanahan77,927-452-0395,67,United Arab Emirates
Jackson,Kendrick_Bernhard@gmail.com,Nina.Will,514-261-2779 x628,64,Croatia
Kacie,Percy34@yahoo.com,Damian0,306-783-9805 x30478,27,Syrian Arab Republic
Michaela,Erin.Cummings92@hotmail.com,Trycia16,1-248-654-1327,47,Burundi
Eleanora,Moriah.Zulauf@yahoo.com,Zachary.Bosco,1-389-239-7494 x7158,95,Portugal
Nathanial,Clay.Frami@yahoo.com,Shayna_Williamson,443-516-3823 x260,75,Mozambique
Zackery,Peyton_Keebler@hotmail.com,Lisandro_Legros17,(718) 808-6403 x168,87,Dominican Republic
Damion,Mohammed_Conroy80@gmail.com,Cesar.Dicki55,(704) 466-9471 x4444,72,New Zealand
Jennyfer,Levi.Turner67@yahoo.com,Kasandra87,1-328-678-2399,68,Czechia
Terrence,Cristopher_Brown83@hotmail.com,Ruby.West25,346.669.4941 x375,20,Palau
Eryn,Lorine.Dibbert40@gmail.com,Sierra16,1-506-697-4780 x405,19,Luxembourg
Javonte,Geovanny_Kris15@yahoo.com,Ryley98,794.581.8062,53,Algeria
Lizeth,Rupert.Beatty98@hotmail.com,Keon45,(282) 524-7375 x54120,67,Egypt
Dewayne,Angel.Gutkowski2@hotmail.com,Adrian.Schumm63,607-571-1106 x8754,90,Namibia
Al,Chauncey_Crooks40@hotmail.com,Chance_Pfeffer77,883.466.7843 x8697,65,Central African Republic
Constantin,Raphaelle23@yahoo.com,Assunta_Rempel,1-716-892-3462 x9032,89,Belarus
Lester,Ottilie.Gleason47@yahoo.com,Loy16,452-326-5015 x6834,90,Panama
